<?xml version="1.0" encoding="UTF-8"?>
<modsCollection>
<mods version="3.4" xmlns="http://www.loc.gov/mods/v3" xmlns:xlink="http://www.w3.org/1999/xlink" xmlns:xsi="http://www.w3.org/2001/XMLSchema-instance" xsi:schemaLocation="http://www.loc.gov/mods/v3 http://www.loc.gov/standards/mods/v3/mods-3-4.xsd"><identifier>lcwaN0010234</identifier><identifier invalid="yes" type="database id">85999</identifier><identifier invalid="yes" type="database id">109353</identifier><titleInfo><title>Slate Magazine</title></titleInfo><language><languageTerm authority="iso639-2b" type="code">eng</languageTerm></language><physicalDescription><form authority="marcform">electronic</form><internetMediaType>text/html</internetMediaType><digitalOrigin>born digital</digitalOrigin></physicalDescription><targetAudience>general</targetAudience><typeOfResource>text</typeOfResource><genre authority="marcgt">web site</genre><originInfo><place><placeTerm type="text">United States</placeTerm></place></originInfo><abstract /><relatedItem type="host"><titleInfo><title>General News on the Internet Web Archive</title></titleInfo></relatedItem><relatedItem type="host"><titleInfo><title>Serial and Government Publications Division</title></titleInfo></relatedItem><relatedItem displayLabel="URL" type="constituent"><identifier displayLabel="Access URL" type="uri">http://www.slate.com/</identifier><identifier type="database id">15046</identifier><location><url displayLabel="thumbnail image">http://cdn.loc.gov/service/webcapture/project_1/thumbnails/lcwaS0015046.jpg</url></location><part type="scope"><text displayLabel="domain">http://slate.com</text><text displayLabel="domain">http://twitter.com/slate</text><text displayLabel="domain">http://www.facebook.com/Slate</text><text displayLabel="domain">http://www.instagram.com/slate</text></part></relatedItem><location><url displayLabel="Archived site">http://www.loc.gov/item/lcwaN0010234</url></location><location><physicalLocation>Library of Congress, Washington, D.C., 20540 USA</physicalLocation><physicalLocation authority="marcorg">dlc</physicalLocation></location><accessCondition type="restrictionOnAccess">None</accessCondition><recordInfo><recordContentSource authority="marcorg">dlc</recordContentSource><recordCreationDate encoding="iso8601">20180608</recordCreationDate><recordIdentifier source="dlc">lcwaN0010234</recordIdentifier><languageOfCataloging><languageTerm authority="iso639-2b" type="code">eng</languageTerm></languageOfCataloging></recordInfo></mods>
<mods version="3.4" xmlns="http://www.loc.gov/mods/v3" xmlns:xlink="http://www.w3.org/1999/xlink" xmlns:xsi="http://www.w3.org/2001/XMLSchema-instance" xsi:schemaLocation="http://www.loc.gov/mods/v3 http://www.loc.gov/standards/mods/v3/mods-3-4.xsd"><identifier>lcwaN0001999</identifier><identifier invalid="yes" type="database id">91224</identifier><identifier invalid="yes" type="database id">109272</identifier><titleInfo><title>Raw Story</title></titleInfo><language><languageTerm authority="iso639-2b" type="code">eng</languageTerm></language><physicalDescription><form authority="marcform">electronic</form><internetMediaType>text/html</internetMediaType><digitalOrigin>born digital</digitalOrigin></physicalDescription><targetAudience>general</targetAudience><typeOfResource>text</typeOfResource><genre authority="marcgt">web site</genre><originInfo><place><placeTerm type="text">United States</placeTerm></place></originInfo><abstract /><relatedItem type="host"><titleInfo><title>General News on the Internet Web Archive</title></titleInfo></relatedItem><relatedItem type="host"><titleInfo><title>Serial and Government Publications Division</title></titleInfo></relatedItem><relatedItem displayLabel="URL" type="constituent"><identifier displayLabel="Access URL" type="uri">http://rawstory.com/</identifier><identifier type="database id">2771</identifier><location><url displayLabel="thumbnail image">http://cdn.loc.gov/service/webcapture/project_1/thumbnails/lcwaS0002771.jpg</url></location><part type="scope"><text displayLabel="domain">http://rawstory.com</text><text displayLabel="domain">http://twitter.com/rawstory</text><text displayLabel="domain">http://plus.google.com/+RawStory/posts</text><text displayLabel="domain">http://www.facebook.com/TheRawStory</text></part></relatedItem><location><url displayLabel="Archived site">http://www.loc.gov/item/lcwaN0001999</url></location><location><physicalLocation>Library of Congress, Washington, D.C., 20540 USA</physicalLocation><physicalLocation authority="marcorg">dlc</physicalLocation></location><accessCondition type="restrictionOnAccess">None</accessCondition><recordInfo><recordContentSource authority="marcorg">dlc</recordContentSource><recordCreationDate encoding="iso8601">20180608</recordCreationDate><recordIdentifier source="dlc">lcwaN0001999</recordIdentifier><languageOfCataloging><languageTerm authority="iso639-2b" type="code">eng</languageTerm></languageOfCataloging></recordInfo></mods>
<mods version="3.4" xmlns="http://www.loc.gov/mods/v3" xmlns:xlink="http://www.w3.org/1999/xlink" xmlns:xsi="http://www.w3.org/2001/XMLSchema-instance" xsi:schemaLocation="http://www.loc.gov/mods/v3 http://www.loc.gov/standards/mods/v3/mods-3-4.xsd"><identifier>lcwaN0003238</identifier><identifier invalid="yes" type="database id">91275</identifier><identifier invalid="yes" type="database id">109273</identifier><identifier invalid="yes" type="database id">96782</identifier><titleInfo><title>Huffington Post</title></titleInfo><language><languageTerm authority="iso639-2b" type="code">eng</languageTerm></language><physicalDescription><form authority="marcform">electronic</form><internetMediaType>text/html</internetMediaType><digitalOrigin>born digital</digitalOrigin></physicalDescription><targetAudience>general</targetAudience><typeOfResource>text</typeOfResource><genre authority="marcgt">web site</genre><originInfo><place><placeTerm type="text">United States</placeTerm></place></originInfo><abstract /><relatedItem type="host"><titleInfo><title>General News on the Internet Web Archive</title></titleInfo></relatedItem><relatedItem type="host"><titleInfo><title>Serial and Government Publications Division</title></titleInfo></relatedItem><relatedItem displayLabel="URL" type="constituent"><identifier displayLabel="Access URL" type="uri">http://www.huffingtonpost.com/</identifier><identifier type="database id">4619</identifier><location><url displayLabel="thumbnail image">http://cdn.loc.gov/service/webcapture/project_1/thumbnails/lcwaS0004619.jpg</url></location><part type="scope"><text displayLabel="domain">http://huffingtonpost.com</text><text displayLabel="domain">http://twitter.com/huffingtonpost</text><text displayLabel="domain">http://www.facebook.com/HuffingtonPost</text><text displayLabel="domain">http://www.pinterest.com/huffingtonpost/</text><text displayLabel="domain">http://twitter.com/HuffPost</text><text displayLabel="domain">http://www.instagram.com/HuffPost</text><text displayLabel="domain">http://www.facebook.com/HuffPost</text></part></relatedItem><location><url displayLabel="Archived site">http://www.loc.gov/item/lcwaN0003238</url></location><location><physicalLocation>Library of Congress, Washington, D.C., 20540 USA</physicalLocation><physicalLocation authority="marcorg">dlc</physicalLocation></location><accessCondition type="restrictionOnAccess">None</accessCondition><recordInfo><recordContentSource authority="marcorg">dlc</recordContentSource><recordCreationDate encoding="iso8601">20180608</recordCreationDate><recordIdentifier source="dlc">lcwaN0003238</recordIdentifier><languageOfCataloging><languageTerm authority="iso639-2b" type="code">eng</languageTerm></languageOfCataloging></recordInfo></mods>
<mods version="3.4" xmlns="http://www.loc.gov/mods/v3" xmlns:xlink="http://www.w3.org/1999/xlink" xmlns:xsi="http://www.w3.org/2001/XMLSchema-instance" xsi:schemaLocation="http://www.loc.gov/mods/v3 http://www.loc.gov/standards/mods/v3/mods-3-4.xsd"><identifier>lcwaN0010144</identifier><identifier invalid="yes" type="database id">nan</identifier><titleInfo><title>BuzzFeed</title></titleInfo><language><languageTerm authority="iso639-2b" type="code">eng</languageTerm></language><physicalDescription><form authority="marcform">electronic</form><internetMediaType>text/html</internetMediaType><digitalOrigin>born digital</digitalOrigin></physicalDescription><targetAudience>general</targetAudience><typeOfResource>text</typeOfResource><genre authority="marcgt">web site</genre><originInfo><place><placeTerm type="text">United States</placeTerm></place></originInfo><abstract /><relatedItem type="host"><titleInfo><title>General News on the Internet Web Archive</title></titleInfo></relatedItem><relatedItem type="host"><titleInfo><title>Serial and Government Publications Division</title></titleInfo></relatedItem><relatedItem displayLabel="URL" type="constituent"><identifier displayLabel="Access URL" type="uri">https://medium.com/buzzfeed-collections</identifier><identifier type="database id">24463</identifier><location><url displayLabel="thumbnail image">http://cdn.loc.gov/service/webcapture/project_1/thumbnails/lcwaS0024463.jpg</url></location><part type="scope"><text displayLabel="domain">http://medium.com/buzzfeed-collections</text><text displayLabel="domain">http://twitter.com/BuzzFeedNews</text><text displayLabel="domain">http://facebook.com/buzzfeednews</text></part></relatedItem><relatedItem displayLabel="URL" type="constituent"><identifier displayLabel="Access URL" type="uri">http://www.buzzfeed.com/</identifier><identifier type="database id">14906</identifier><location><url displayLabel="thumbnail image">http://cdn.loc.gov/service/webcapture/project_1/thumbnails/lcwaS0014906.jpg</url></location><part type="scope"><text displayLabel="domain">http://buzzfeed.com</text><text displayLabel="domain">http://twitter.com/buzzfeed</text><text displayLabel="domain">http://facebook.com/buzzfeed</text><text displayLabel="domain">http://pinterest.com/buzzfeed/</text><text displayLabel="domain">http://www.youtube.com/subscription_center?add_user=buzzfeedvideo</text></part></relatedItem><location><url displayLabel="Archived site">http://www.loc.gov/item/lcwaN0010144</url></location><location><physicalLocation>Library of Congress, Washington, D.C., 20540 USA</physicalLocation><physicalLocation authority="marcorg">dlc</physicalLocation></location><accessCondition type="restrictionOnAccess">Access restricted to on-site users</accessCondition><recordInfo><recordContentSource authority="marcorg">dlc</recordContentSource><recordCreationDate encoding="iso8601">20180608</recordCreationDate><recordIdentifier source="dlc">lcwaN0010144</recordIdentifier><languageOfCataloging><languageTerm authority="iso639-2b" type="code">eng</languageTerm></languageOfCataloging></recordInfo></mods>
<mods version="3.4" xmlns="http://www.loc.gov/mods/v3" xmlns:xlink="http://www.w3.org/1999/xlink" xmlns:xsi="http://www.w3.org/2001/XMLSchema-instance" xsi:schemaLocation="http://www.loc.gov/mods/v3 http://www.loc.gov/standards/mods/v3/mods-3-4.xsd"><identifier>lcwaN0010145</identifier><identifier invalid="yes" type="database id">82949</identifier><identifier invalid="yes" type="database id">109227</identifier><titleInfo><title>Drudge Report</title></titleInfo><language><languageTerm authority="iso639-2b" type="code">eng</languageTerm></language><physicalDescription><form authority="marcform">electronic</form><internetMediaType>text/html</internetMediaType><digitalOrigin>born digital</digitalOrigin></physicalDescription><targetAudience>general</targetAudience><typeOfResource>text</typeOfResource><genre authority="marcgt">web site</genre><originInfo><place><placeTerm type="text">United States</placeTerm></place></originInfo><abstract /><relatedItem type="host"><titleInfo><title>General News on the Internet Web Archive</title></titleInfo></relatedItem><relatedItem type="host"><titleInfo><title>Serial and Government Publications Division</title></titleInfo></relatedItem><relatedItem displayLabel="URL" type="constituent"><identifier displayLabel="Access URL" type="uri">http://www.drudgereport.com/</identifier><identifier type="database id">14951</identifier><location><url displayLabel="thumbnail image">http://cdn.loc.gov/service/webcapture/project_1/thumbnails/lcwaS0014951.jpg</url></location><part type="scope"><text displayLabel="domain">http://drudgereport.com</text><text displayLabel="domain">http://www.drudgereportArchives.com</text></part></relatedItem><location><url displayLabel="Archived site">http://www.loc.gov/item/lcwaN0010145</url></location><location><physicalLocation>Library of Congress, Washington, D.C., 20540 USA</physicalLocation><physicalLocation authority="marcorg">dlc</physicalLocation></location><accessCondition type="restrictionOnAccess">Access restricted to on-site users</accessCondition><recordInfo><recordContentSource authority="marcorg">dlc</recordContentSource><recordCreationDate encoding="iso8601">20180608</recordCreationDate><recordIdentifier source="dlc">lcwaN0010145</recordIdentifier><languageOfCataloging><languageTerm authority="iso639-2b" type="code">eng</languageTerm></languageOfCataloging></recordInfo></mods>
</modsCollection>