<?xml version="1.0" encoding="UTF-8"?>
<mods version="3.4" xmlns="http://www.loc.gov/mods/v3" xmlns:xlink="http://www.w3.org/1999/xlink" xmlns:xsi="http://www.w3.org/2001/XMLSchema-instance" xsi:schemaLocation="http://www.loc.gov/mods/v3 http://www.loc.gov/standards/mods/v3/mods-3-4.xsd"><identifier>lcwaN0010234</identifier><identifier invalid="yes" type="database id">85999</identifier><identifier invalid="yes" type="database id">109353</identifier><titleInfo><title>Slate Magazine</title></titleInfo><language><languageTerm authority="iso639-2b" type="code">eng</languageTerm></language><physicalDescription><form authority="marcform">electronic</form><internetMediaType>text/html</internetMediaType><digitalOrigin>born digital</digitalOrigin></physicalDescription><targetAudience>general</targetAudience><typeOfResource>text</typeOfResource><genre authority="marcgt">web site</genre><originInfo><place><placeTerm type="text">United States</placeTerm></place></originInfo><abstract /><relatedItem type="host"><titleInfo><title>General News on the Internet Web Archive</title></titleInfo></relatedItem><relatedItem type="host"><titleInfo><title>Serial and Government Publications Division</title></titleInfo></relatedItem><relatedItem displayLabel="URL" type="constituent"><identifier displayLabel="Access URL" type="uri">http://www.slate.com/</identifier><identifier type="database id">15046</identifier><location><url displayLabel="thumbnail image">http://cdn.loc.gov/service/webcapture/project_1/thumbnails/lcwaS0015046.jpg</url></location><part type="scope"><text displayLabel="domain">http://slate.com</text><text displayLabel="domain">http://twitter.com/slate</text><text displayLabel="domain">http://www.facebook.com/Slate</text><text displayLabel="domain">http://www.instagram.com/slate</text></part></relatedItem><location><url displayLabel="Archived site">http://www.loc.gov/item/lcwaN0010234</url></location><location><physicalLocation>Library of Congress, Washington, D.C., 20540 USA</physicalLocation><physicalLocation authority="marcorg">dlc</physicalLocation></location><accessCondition type="restrictionOnAccess">None</accessCondition><recordInfo><recordContentSource authority="marcorg">dlc</recordContentSource><recordCreationDate encoding="iso8601">20180608</recordCreationDate><recordIdentifier source="dlc">lcwaN0010234</recordIdentifier><languageOfCataloging><languageTerm authority="iso639-2b" type="code">eng</languageTerm></languageOfCataloging></recordInfo></mods>