<?xml version="1.0" encoding="utf-8"?>
<?xml-model href="https://raw.githubusercontent.com/SAA-SDT/EAD3/master/ead3.rng"
      type="application/xml" schematypens="http://relaxng.org/ns/structure/1.0"?>
<ead xmlns="http://ead3.archivists.org/schema/"><control countryencoding="iso3166-1" dateencoding="iso8601" langencoding="iso639-2b" relatedencoding="marc" repositoryencoding="iso15511" scriptencoding="iso15924"><recordid instanceurl="">umich-scl-day</recordid><filedesc><titlestmt><titleproper>Finding Aid for the William R. Day Collection day </titleproper><titleproper localtype="filing">William R. Day Collection</titleproper><author>Finding aid prepared by Sara DeWaay, 2013</author></titlestmt><publicationstmt><publisher>University of Michigan Library (Special Collections Research Center)</publisher><address><addressline>University of Michigan Library, Special Collections Research Center</addressline><addressline>Harlan Hatcher Graduate Library (South)</addressline><addressline>913 S. University Avenue</addressline><addressline>Ann Arbor, MI 48109-1190</addressline><addressline><ref href="https://www.lib.umich.edu/special-collections-research-center" linktitle="https://www.lib.umich.edu/special-collections-research-center" show="new">https://www.lib.umich.edu/special-collections-research-center</ref></addressline></address><date>2013</date><num>day</num></publicationstmt></filedesc><maintenancestatus value="derived"/><maintenanceagency countrycode="US"><agencycode>US-MiU</agencycode><agencyname>University of Michigan Library (Special Collections Research Center)</agencyname></maintenanceagency><languagedeclaration><language>eng</language><script scriptcode="Latn">Latin</script></languagedeclaration><conventiondeclaration><abbr>dacs</abbr><citation>Describing Archives: A Content Standard</citation></conventiondeclaration><localcontrol localtype="findaidstatus"><term>Completed</term></localcontrol><maintenancehistory><maintenanceevent><eventtype value="derived"/><eventdatetime>2022-10-04T16:54:35-04:00</eventdatetime><agenttype value="machine"/><agent>ArchivesSpace v2.5.2</agent><eventdescription>This finding aid was produced using ArchivesSpace on Tuesday October  4, 2022 at 16:54</eventdescription></maintenanceevent></maintenancehistory></control><archdesc level="collection">
  <did>
    <unittitle>William R. Day Collection</unittitle>
    <unitid>day</unitid>
    <repository>
      <corpname>
        <part>University of Michigan Library (Special Collections Research Center)</part>
      </corpname>
    </repository>
    <langmaterial>
      <language langcode="eng">English</language>
    </langmaterial>
    <physdescstructured coverage="whole" physdescstructuredtype="spaceoccupied">
      <quantity>1.5</quantity>
      <unittype>Linear Feet</unittype>
    </physdescstructured>
    <physdesc localtype="container_summary">1 record center box; 1 flat storage box (medium)</physdesc>
    <unitdatestructured unitdatetype="inclusive">
      <daterange>
        <fromdate standarddate="1788">1788</fromdate>
        <todate standarddate="1942">1942</todate>
      </daterange>
    </unitdatestructured>
    <unitdate unitdatetype="inclusive">1788-1942</unitdate>
    <abstract id="aspace_ref88">The bulk of the William R. Day Collection concerns the life and work of William Rufus Day. There are also materials related to other immediate and extended family members. Some of the topics covered in the William R. Day Collection are the Spanish-American War; the United States Peace Commission; the Mixed Claim Commission concerning reparations from Berlin, Germany; and William Day's career as a lawyer and diplomat. Materials represented include correspondence, newspaper clippings, publications, and manuscripts.</abstract>
    <origination label="creator">
      <persname source="local">
        <part>Day, Luther</part>
      </persname>
    </origination>
    <origination label="creator">
      <persname source="lcsh">
        <part>Day, William R., (William Rufus), 1849-1923</part>
      </persname>
    </origination>
  </did>
  <scopecontent id="aspace_ref87">
    <head>Scope and Contents note</head>
<p>This collection contains a variety of materials including correspondence, newspaper clippings, publications, and manuscripts. Although the bulk of the collection concerns William Rufus Day, there are materials related to other immediate and extended family members. Some of the topics covered in the William R. Day Collection are the Spanish-American War; the United States Peace Commission; the Mixed Claim Commission concerning reparations from Berlin, Germany; and William Day's career.</p><p>The Correspondence and Papers series consists of 3 subseries: William Day, Family, and Miscellaneous.</p><p>The William Day subseries is organized by date and includes correspondence related to the Spanish-American War, Cuba, Germany and the Mixed Claims Commission. In 1896 there are materials related to the Monroe Doctrine, silver and gold, and Venezuela and Cuba. The 1897 folder primarily has correspondence related to Spain and Cuba. The 1898 folder contains materials related to Cuba, Spain, Germany, Puerto Rico, and the Philippines. The 1899 folder contains congratulations William Day received upon being appointed a judgeship as well as speaking requests. 1900-1911 contains remarks, information about a Day family land transfer, Day's McKinley manuscript, a map of Washington, DC, and a European military map. 1920-1923 has correspondence and papers related to the 18th amendment (prohibition), the Berlin agreement by the Mixed Claims Commission, and Day's retirement from the Commission. Biographical materials include biographies, a genealogy, ancestry from the Mayflower, and a memorial. The scrapbook contains newspaper clippings related to William Day's work and life as well as that of his wife, Mary Elizabeth Schaefer, and his son, Luther Day. Topics are related to William Day's political and judicial career including the Spanish-American War, Cuba, and the Philippines, and Luther Days' career as a lawyer and politician.</p><p>The subseries Family includes four files. The folder for Luther Day, father of William R. Day, contains correspondence to Luther as well as papers related to him being elected a prosecuting attorney. The folder for Emily Spalding Day, mother of William R. Day, contains letters from her mother, sister, and cousin, as well as one letter from Emily to her mother. The folder for Louis Schaefer, father-in-law of William R. Day, contains letters to Louis from members of the Meiklehaus family and one letter from Louis Schaefer to his daughter on Schaefer's Opera House stationary. The Other Members folder contains letters and papers for other members of the Day family including Ellen Day, Laura Lyman, Frances Day, Lucretia Spalding, Honorable Spalding, Ida Barker, Luther Day (William R Day's son), Asa Spalding, and a pamphlet titled <title render="italic"><part>Industrial Peace with Justice</part></title> which lists Stephen A. Day as the president.</p><p>The three miscellaneous folders contain papers and letters whose relationship to the Day family and William R. Day is unknown including a letter written in 1797 by Darius Morgan, a letter from 1795 to Ephraim Root, as well as some additional letters, a memo about being an officer of the United States, information relating to the Hero of Bitche, Red Cross instructions for knitting socks, and a list of names.</p><p>The Manuscripts series contains William Day's notebook related to his biographical project on William McKinley, Stephen Day's (William Day's son) notebook related to sales and cases he worked on, the dissertation of Joseph McLean about William Rufus Day submitted to New York University, and a folder of miscellaneous materials including a review of a German newspaper and an incomplete document about patent law and the rights of inventors.</p><p>The Newspaper series includes issues of the University of Michigan newspaper <title render="italic"><part>The Chronicle</part></title> from 1868-1870 and an assortment of newspaper clippings from 1894-1950.</p><p>The Publications series brings together the published materials within the William Day Collection. They are mostly political in nature and relate to law cases, government documents and procedures, and political opinions. Also included are speeches given by William R. Day.</p><p>The Ephemera folder contains two items. One is an envelope for Goldie's Pens that begins "This packet contains as assortment (10) of the Goldie's, the highest grade of writing pens..." There is also a photograph of Robbie Hubbs on the packaging. Inside the envelope is a tissue that contains some unidentified seeds. The other item in the Ephemera folder is a carte de visite printed by Brand Artist. The portrait is undated and the subject unidentified, but it may be a young William R. Day.</p>  </scopecontent>
  <bioghist id="aspace_ref85">
    <head>Biographical/Historical note</head>
<p>William Rufus Day was an American diplomat and lawyer. He was born in Ohio on April 17, 1849, and he died in Michigan on July 9, 1923. In 1870 he graduated from the University of Michigan with a Bachelor of Science degree, after which he took classes at the University of Michigan Law School. He entered the bar in 1872, and began a law partnership in Canton, Ohio. Day was appointed to the position of Assistant Secretary of State by William McKinley in 1897. In 1898, Day was named Secretary of State, although he left the position quickly in order to lead the United States Peace Commission to help negotiate the end of the Spanish-American war. In 1999, McKinley appointed him to a seat on the United States Court of Appeals for the Sixth Circuit. In 1903 Theodore Roosevelt named Day an Associate Justice of the United States Supreme Court, and Day served on the Supreme Court until he retired in 1922. In 1922 President Harding appointed Day the Umpire of the Mixed Claims Commission between the United States and Berlin. Day was also a writer and some of his speeches were published. His writings include works on President McKinley and a number of important legal opinions.</p>  </bioghist>
  <accessrestrict id="aspace_ref89">
    <head>Conditions Governing Access note</head>
<p>The collection is open for research.</p>  </accessrestrict>
  <userestrict id="aspace_ref90">
    <head>Conditions Governing Use note</head>
<p>Copyright has not been transferred to the Regents of the University of Michigan. Permission to publish must be obtained from the copyright holder(s).</p>  </userestrict>
  <prefercite id="aspace_ref91">
    <head>Preferred Citation note</head>
<p>William R. Day Collection, University of Michigan Library (Special Collections Library)</p>  </prefercite>
  <controlaccess>
    <genreform source="aat">
      <part>Correspondence.</part>
    </genreform>
    <genreform source="aat">
      <part>Manuscripts.</part>
    </genreform>
    <genreform source="aat">
      <part>Newspaper clippings.</part>
    </genreform>
    <genreform source="aat">
      <part>Scrapbooks.</part>
    </genreform>
    <geogname source="lcnaf">
      <part>Spain. |t Treaties, etc. |g United States, |d 1898 December 10</part>
    </geogname>
    <subject source="lcsh">
      <part>Spanish-American War, 1898</part>
    </subject>
    <persname source="lcnaf">
      <part>Day, Luther, 1813-1885</part>
    </persname>
    <persname source="lcnaf">
      <part>McKinley, William, 1843-1901</part>
    </persname>
    <corpname source="lcnaf">
      <part>Mixed Claims Commission, United States and Germany.</part>
    </corpname>
  </controlaccess>
  <dsc><c01 id="aspace_ref1" level="series"><did><unittitle>Correspondence and Papers</unittitle></did><scopecontent id="aspace_ref45"><head>Scope and Contents note</head><p>The Correspondence and Papers series contains correspondence and papers from William Day and various family members.</p></scopecontent><c02 id="aspace_ref10" level="subseries"><did><unittitle>William Day</unittitle><unitdatestructured unitdatetype="inclusive"><daterange><fromdate standarddate="1896">1896</fromdate><todate standarddate="1923">1923</todate></daterange></unitdatestructured><unitdate unitdatetype="inclusive">1896-1923</unitdate></did><c03 id="aspace_ref2" level="file"><did><unittitle>1896</unittitle><unitdatestructured unitdatetype="inclusive"><daterange><fromdate standarddate="1896">1896</fromdate><todate standarddate="1896">1896</todate></daterange></unitdatestructured><unitdate unitdatetype="inclusive">1896</unitdate><container id="aspace_34f660459ea16685f1c68adf75ed2d8c" label="Mixed Materials" localtype="Box">1</container></did></c03><c03 id="aspace_ref3" level="file"><did><unittitle>1897</unittitle><unitdatestructured unitdatetype="inclusive"><daterange><fromdate standarddate="1897">1897</fromdate><todate standarddate="1897">1897</todate></daterange></unitdatestructured><unitdate unitdatetype="inclusive">1897</unitdate><container id="aspace_c5fbaf0b88a8c14afc2b247eb9563c20" label="Mixed Materials" localtype="Box">1</container></did></c03><c03 id="aspace_ref4" level="file"><did><unittitle>1898 (3 folders)</unittitle><unitdatestructured unitdatetype="inclusive"><daterange><fromdate standarddate="1898">1898</fromdate><todate standarddate="1898">1898</todate></daterange></unitdatestructured><unitdate unitdatetype="inclusive">1898</unitdate><container id="aspace_07ea3f9af8c41e2e72f45e38fd7f564e" label="Mixed Materials" localtype="Box">1</container></did></c03><c03 id="aspace_ref7" level="file"><did><unittitle>1899</unittitle><unitdatestructured unitdatetype="inclusive"><daterange><fromdate standarddate="1899">1899</fromdate><todate standarddate="1899">1899</todate></daterange></unitdatestructured><unitdate unitdatetype="inclusive">1899</unitdate><container id="aspace_1675afe680644f03bd50e9a9afef16f8" label="Mixed Materials" localtype="Box">1</container></did></c03><c03 id="aspace_ref8" level="file"><did><unittitle>1900-1911</unittitle><unitdatestructured unitdatetype="inclusive"><daterange><fromdate standarddate="1900">1900</fromdate><todate standarddate="1911">1911</todate></daterange></unitdatestructured><unitdate unitdatetype="inclusive">1900-1911</unitdate><container id="aspace_7913a259c3689004a8131efbfafa1acc" label="Mixed Materials" localtype="Box">1</container></did></c03><c03 id="aspace_ref9" level="file"><did><unittitle>1920-1923</unittitle><unitdatestructured unitdatetype="inclusive"><daterange><fromdate standarddate="1920">1920</fromdate><todate standarddate="1923">1923</todate></daterange></unitdatestructured><unitdate unitdatetype="inclusive">1920-1923</unitdate><container id="aspace_0139c26a0c234d1bfb396fc19c3f11df" label="Mixed Materials" localtype="Box">1</container></did></c03><c03 id="aspace_ref15" level="file"><did><unittitle>Undated</unittitle><container id="aspace_04a82f3d107ad7fb74eeb0add90d9dad" label="Mixed Materials" localtype="Box">1</container></did></c03><c03 id="aspace_ref30" level="file"><did><unittitle>Biographical</unittitle><container id="aspace_cb03e89ad3564ab95fa928042cded5a5" label="Mixed Materials" localtype="Box">1</container></did></c03><c03 id="aspace_ref82" level="item"><did><unittitle>Scrapbook</unittitle><container id="aspace_569c71d50c656fc7d203cd63984746fd" label="Mixed Materials" localtype="Box">2</container></did></c03></c02><c02 id="aspace_ref11" level="subseries"><did><unittitle>Family</unittitle></did><c03 id="aspace_ref12" level="file"><did><unittitle>Luther Day (Father)</unittitle><unitdatestructured unitdatetype="inclusive"><daterange><fromdate standarddate="1844">1844</fromdate><todate standarddate="1884">1884</todate></daterange></unitdatestructured><unitdate unitdatetype="inclusive">1844-1884</unitdate><container id="aspace_0f570d7cfd0df20def95bbaae79df071" label="Mixed Materials" localtype="Box">1</container></did></c03><c03 id="aspace_ref13" level="file"><did><unittitle>Emily Spalding Day (Mother)</unittitle><unitdatestructured unitdatetype="inclusive"><daterange><fromdate standarddate="1840">1840</fromdate><todate standarddate="1884">1884</todate></daterange></unitdatestructured><unitdate unitdatetype="inclusive">1840-1884</unitdate><container id="aspace_6fb6644f20429c0cc896706f1c454fca" label="Mixed Materials" localtype="Box">1</container></did></c03><c03 id="aspace_ref35" level="file"><did><unittitle>Louis Schaefer (Father-in-Law)</unittitle><container id="aspace_936f21ee59ad82657e7229393ee2076b" label="Mixed Materials" localtype="Box">1</container></did></c03><c03 id="aspace_ref31" level="file"><did><unittitle>Other Members</unittitle><container id="aspace_3da3f76967f07a2d6fa182eff69088f9" label="Mixed Materials" localtype="Box">1</container></did></c03></c02><c02 id="aspace_ref16" level="subseries"><did><unittitle>Miscellaneous (3 folders)</unittitle><container id="aspace_1f16d0aa2c34091853929677065d5da0" label="Mixed Materials" localtype="Box">1</container></did></c02></c01><c01 id="aspace_ref18" level="series"><did><unittitle>Manuscripts</unittitle></did><scopecontent id="aspace_ref47"><head>Scope and Contents note</head><p>The Manuscripts series contains work by William Day and his son, Stephen Day. It also has a dissertation about William Day by Joseph McLean, and a folder of miscellaneous materials.</p></scopecontent><c02 id="aspace_ref19" level="file"><did><unittitle>William Day on McKinley</unittitle><container id="aspace_438177bff956336b3ea784c236284656" label="Mixed Materials" localtype="Box">1</container></did></c02><c02 id="aspace_ref20" level="file"><did><unittitle>Stephan Day Notebook</unittitle><container id="aspace_11584dde663b12e2c3e334bec2e8ea49" label="Mixed Materials" localtype="Box">1</container></did></c02><c02 id="aspace_ref21" level="file"><did><unittitle>McLean Dissertation on William Day (2 folders)</unittitle><unitdatestructured unitdatetype="inclusive"><daterange><fromdate standarddate="1942">1942</fromdate><todate standarddate="1942">1942</todate></daterange></unitdatestructured><unitdate unitdatetype="inclusive">1942</unitdate><container id="aspace_4e1315f7d118ba29445ce89b55a79a44" label="Mixed Materials" localtype="Box">1</container></did></c02><c02 id="aspace_ref48" level="file"><did><unittitle>Miscellaneous</unittitle><container id="aspace_90d04d528884f1062bfc1f3fdfe5c343" label="Mixed Materials" localtype="Box">1</container></did></c02></c01><c01 id="aspace_ref22" level="series"><did><unittitle>Newspapers</unittitle></did><scopecontent id="aspace_ref49"><head>Scope and Contents note</head><p>The Newspaper series includes issues of the University of Michigan newspaper <title render="italic"><part>The Chronicle</part></title> from 1868-1870 and an assortment of newspaper clippings from 1894-1950.</p></scopecontent><c02 id="aspace_ref24" level="file"><did><unittitle><title render="italic"><part>The Chronicle</part></title> University of Michigan</unittitle><unitdatestructured unitdatetype="inclusive"><daterange><fromdate standarddate="1868">1868</fromdate><todate standarddate="1870">1870</todate></daterange></unitdatestructured><unitdate unitdatetype="inclusive">1868-1870</unitdate><container id="aspace_5edaab2b455a32c6a8b090d81b5364e5" label="Mixed Materials" localtype="Box">1</container></did></c02><c02 id="aspace_ref25" level="file"><did><unittitle>Clippings</unittitle><unitdatestructured unitdatetype="inclusive"><daterange><fromdate standarddate="1894">1894</fromdate><todate standarddate="1950">1950</todate></daterange></unitdatestructured><unitdate unitdatetype="inclusive">1894-1950</unitdate><container id="aspace_e171db04a3f315613c440529d2186bb9" label="Mixed Materials" localtype="Box">1</container></did></c02></c01><c01 id="aspace_ref26" level="series"><did><unittitle>Publications</unittitle></did><scopecontent id="aspace_ref83"><head>Scope and Contents note</head><p>The Publications series brings together the published materials within the William R. Day Collection, including some of his speeches.</p></scopecontent><c02 id="aspace_ref27" level="file"><did><unittitle>Supreme Court Booklets (2 folders)</unittitle></did><c03 id="aspace_ref36" level="item"><did><unittitle><title render="italic"><part>Rules of the Supreme Court of the United States</part></title> 1916</unittitle><unitdatestructured unitdatetype="inclusive"><daterange><fromdate standarddate="1916">1916</fromdate><todate standarddate="1916">1916</todate></daterange></unitdatestructured><unitdate unitdatetype="inclusive">1916</unitdate><container id="aspace_e1d5a51d2275db60a4db70b0eb3c18e1" label="Mixed Materials" localtype="Box">1</container></did></c03><c03 id="aspace_ref37" level="item"><did><unittitle><title render="italic"><part>Supreme Court Reporter</part></title> Vol. 43 No. 13 1923</unittitle><unitdatestructured unitdatetype="inclusive"><daterange><fromdate standarddate="1923">1923</fromdate><todate standarddate="1923">1923</todate></daterange></unitdatestructured><unitdate unitdatetype="inclusive">1923</unitdate><container id="aspace_47a18c8809cd8edc0e2a6f2b68a566d2" label="Mixed Materials" localtype="Box">1</container></did></c03><c03 id="aspace_ref38" level="item"><did><unittitle><title render="italic"><part>Supreme Court of the United States No. 1311</part></title> C. E. Cook, O. J. Cook, Cyrus Frease, J. B. Chamerlain, John Jackson, and J. Lawrence, versus the United States (2 copies)</unittitle><unitdatestructured unitdatetype="inclusive"><daterange><fromdate standarddate="1890">1890</fromdate><todate standarddate="1890">1890</todate></daterange></unitdatestructured><unitdate unitdatetype="inclusive">1890</unitdate><container id="aspace_3c85895a5d837d7829631ef81b1628d5" label="Mixed Materials" localtype="Box">1</container></did></c03><c03 id="aspace_ref39" level="item"><did><unittitle><title render="italic"><part>Supreme Court of the United States</part></title> October 16, 1922</unittitle><unitdatestructured unitdatetype="inclusive"><daterange><fromdate standarddate="1922">1922</fromdate><todate standarddate="1922">1922</todate></daterange></unitdatestructured><unitdate unitdatetype="inclusive">1922</unitdate><container id="aspace_d9126f746b792d538f8d8163955c849c" label="Mixed Materials" localtype="Box">1</container></did></c03><c03 id="aspace_ref40" level="item"><did><unittitle><title render="italic"><part>Supreme Court of the United States</part></title> October 3, 1922</unittitle><unitdatestructured unitdatetype="inclusive"><daterange><fromdate standarddate="1922">1922</fromdate><todate standarddate="1922">1922</todate></daterange></unitdatestructured><unitdate unitdatetype="inclusive">1922</unitdate><container id="aspace_9e772b31401acbae341f7d48a73eae68" label="Mixed Materials" localtype="Box">1</container></did></c03><c03 id="aspace_ref41" level="item"><did><unittitle><title render="italic"><part>Supreme Court of the United States</part></title> Eben Newton et als versus the Board of County Commissioners of Mahnoning County, Ohio</unittitle><container id="aspace_0128c752e324967842d677fa7fa1714c" label="Mixed Materials" localtype="Box">1</container></did></c03><c03 id="aspace_ref43" level="item"><did><unittitle><title render="italic"><part>Supreme Court of the United States</part></title> Eber B. Ward et al versus Philo Chamberline et al</unittitle><unitdatestructured unitdatetype="inclusive"><daterange><fromdate standarddate="1862">1862</fromdate><todate standarddate="1862">1862</todate></daterange></unitdatestructured><unitdate unitdatetype="inclusive">1862</unitdate><container id="aspace_67bf218327b9ecaec128267f5254128c" label="Mixed Materials" localtype="Box">1</container></did></c03><c03 id="aspace_ref44" level="item"><did><unittitle><title render="italic"><part>List of Works Relating to the Supreme Court of the United States</part></title> 1909</unittitle><unitdatestructured unitdatetype="inclusive"><daterange><fromdate standarddate="1909">1909</fromdate><todate standarddate="1909">1909</todate></daterange></unitdatestructured><unitdate unitdatetype="inclusive">1909</unitdate><container id="aspace_7979bf39029c8ec51c684c80becdae90" label="Mixed Materials" localtype="Box">1</container></did></c03></c02><c02 id="aspace_ref54" level="file"><did><unittitle>House of Representatives Booklets</unittitle></did><c03 id="aspace_ref55" level="file"><did><unittitle>Forty-Eighth Congress Jonathan H. Wallace vs William McKinley, Jr (2 copies)</unittitle><container id="aspace_e56c67cf1f62eb9e5cb08467aac42bcc" label="Mixed Materials" localtype="Box">1</container></did></c03><c03 id="aspace_ref56" level="item"><did><unittitle>H. R. 12704 - appropriation act</unittitle><unitdatestructured unitdatetype="inclusive"><daterange><fromdate standarddate="1922">1922</fromdate><todate standarddate="1922">1922</todate></daterange></unitdatestructured><unitdate unitdatetype="inclusive">1922</unitdate><container id="aspace_3b052140097d3f67a04518aeb2ab43c3" label="Mixed Materials" localtype="Box">1</container></did></c03><c03 id="aspace_ref57" level="item"><did><unittitle>Expenses of Mixed Claims Commission, United States and Germany</unittitle><unitdatestructured unitdatetype="inclusive"><daterange><fromdate standarddate="1922">1922</fromdate><todate standarddate="1922">1922</todate></daterange></unitdatestructured><unitdate unitdatetype="inclusive">1922</unitdate><container id="aspace_3d4b797ffafadae95692faefaaf08217" label="Mixed Materials" localtype="Box">1</container></did></c03></c02><c02 id="aspace_ref50" level="file"><did><unittitle>Treaties</unittitle></did><c03 id="aspace_ref51" level="item"><did><unittitle>Treaty series number 659 between the United States and Austria</unittitle><unitdatestructured unitdatetype="inclusive"><daterange><fromdate standarddate="1921">1921</fromdate><todate standarddate="1921">1921</todate></daterange></unitdatestructured><unitdate unitdatetype="inclusive">1921</unitdate><container id="aspace_2561c330173e2e4c0dcd72d2e1eed9a2" label="Mixed Materials" localtype="Box">1</container></did></c03><c03 id="aspace_ref52" level="item"><did><unittitle>Treaty series 665 between the United States and Germany</unittitle><unitdatestructured unitdatetype="inclusive"><daterange><fromdate standarddate="1922">1922</fromdate><todate standarddate="1922">1922</todate></daterange></unitdatestructured><unitdate unitdatetype="inclusive">1922</unitdate><container id="aspace_10d3a624dc3dd3b494cc891896a7fd0f" label="Mixed Materials" localtype="Box">1</container></did></c03><c03 id="aspace_ref53" level="item"><did><unittitle>Papers Relating to the Treaty with Spain</unittitle><unitdatestructured unitdatetype="inclusive"><daterange><fromdate standarddate="1901">1901</fromdate><todate standarddate="1901">1901</todate></daterange></unitdatestructured><unitdate unitdatetype="inclusive">1901</unitdate><container id="aspace_446aabcda9fa200babfe589b0555cf26" label="Mixed Materials" localtype="Box">1</container></did></c03></c02><c02 id="aspace_ref58" level="file"><did><unittitle>Ohio Booklets</unittitle></did><c03 id="aspace_ref59" level="item"><did><unittitle><title render="italic"><part>Biographical Sketches of the Fifty-Sixth Ohio Senate</part></title></unittitle><unitdatestructured unitdatetype="inclusive"><daterange><fromdate standarddate="1864">1864</fromdate><todate standarddate="1864">1864</todate></daterange></unitdatestructured><unitdate unitdatetype="inclusive">1864</unitdate><container id="aspace_9fcc3c85b204544acbe4687142a8a134" label="Mixed Materials" localtype="Box">1</container></did></c03><c03 id="aspace_ref60" level="item"><did><unittitle>Supreme Court of Ohio Richard H. Umbenhour vs The State of Ohio</unittitle><container id="aspace_1962e8a8dd6c89791f671161469ca203" label="Mixed Materials" localtype="Box">1</container></did></c03></c02><c02 id="aspace_ref61" level="file"><did><unittitle>Speeches and Writings by William Day</unittitle></did><c03 id="aspace_ref62" level="item"><did><unittitle>Address of William R. Day at the Ravenna, Ohio Homecoming, August 25, 1909 (2 copies)</unittitle><unitdatestructured unitdatetype="inclusive"><daterange><fromdate standarddate="1909">1909</fromdate><todate standarddate="1909">1909</todate></daterange></unitdatestructured><unitdate unitdatetype="inclusive">1909</unitdate><container id="aspace_6386c80d1dde1e7846fec89033a0710e" label="Mixed Materials" localtype="Box">1</container></did></c03><c03 id="aspace_ref63" level="item"><did><unittitle><title render="italic"><part>Our Place in the International Family</part></title></unittitle><unitdatestructured unitdatetype="inclusive"><daterange><fromdate standarddate="1901">1901</fromdate><todate standarddate="1901">1901</todate></daterange></unitdatestructured><unitdate unitdatetype="inclusive">1901</unitdate><container id="aspace_ccee1ac0fbbc1701913be800eccb17f0" label="Mixed Materials" localtype="Box">1</container></did></c03><c03 id="aspace_ref64" level="item"><did><unittitle>Address of William R. Day at the Conference under the auspices of the American Peace Centenary Committee, held at Makinac Island July 21, 22, 1914</unittitle><unitdatestructured unitdatetype="inclusive"><daterange><fromdate standarddate="1914">1914</fromdate><todate standarddate="1914">1914</todate></daterange></unitdatestructured><unitdate unitdatetype="inclusive">1914</unitdate><container id="aspace_6efe7a032bcf95a82c94aa5a710c72b3" label="Mixed Materials" localtype="Box">1</container></did></c03><c03 id="aspace_ref65" level="item"><did><unittitle>Address of William R. Day at the Unveiling of the Marquette Statue on Mackinac Island, September 1, 1909 (2 copies)</unittitle><unitdatestructured unitdatetype="inclusive"><daterange><fromdate standarddate="1909">1909</fromdate><todate standarddate="1909">1909</todate></daterange></unitdatestructured><unitdate unitdatetype="inclusive">1909</unitdate><container id="aspace_769d9f45aa5d722f74c8e478bcfd6506" label="Mixed Materials" localtype="Box">1</container></did></c03><c03 id="aspace_ref67" level="item"><did><unittitle>Remarks of William R. Day at the dinner in honor of John Joy Edson on this seventy-fifth birthday, May 17, 1921 (2 copies)</unittitle><unitdatestructured unitdatetype="inclusive"><daterange><fromdate standarddate="1921">1921</fromdate><todate standarddate="1921">1921</todate></daterange></unitdatestructured><unitdate unitdatetype="inclusive">1921</unitdate><container id="aspace_9f2ef19c40111aee214a110ad0af75ea" label="Mixed Materials" localtype="Box">1</container></did></c03><c03 id="aspace_ref68" level="item"><did><unittitle>Testimonial to John Joy Edson by his Friends and Fellow-Citizens</unittitle><unitdatestructured unitdatetype="inclusive"><daterange><fromdate standarddate="1921">1921</fromdate><todate standarddate="1921">1921</todate></daterange></unitdatestructured><unitdate unitdatetype="inclusive">1921</unitdate><container id="aspace_cacb13b27a5339f042cd95e74aeb909b" label="Mixed Materials" localtype="Box">1</container></did></c03><c03 id="aspace_ref80" level="item"><did><unittitle>Sophomore Exhibition program Class of 1870</unittitle><unitdatestructured unitdatetype="inclusive"><daterange><fromdate standarddate="1868">1868</fromdate><todate standarddate="1868">1868</todate></daterange></unitdatestructured><unitdate unitdatetype="inclusive">1868</unitdate><container id="aspace_883142cea45b4905d2217620d58f5451" label="Mixed Materials" localtype="Box">1</container></did></c03></c02><c02 id="aspace_ref69" level="file"><did><unittitle>Miscellaneous Booklets</unittitle></did><c03 id="aspace_ref70" level="item"><did><unittitle><title render="italic"><part>Diplomatic List</part></title>Department of State April, 1923</unittitle><unitdatestructured unitdatetype="inclusive"><daterange><fromdate standarddate="1923">1923</fromdate><todate standarddate="1923">1923</todate></daterange></unitdatestructured><unitdate unitdatetype="inclusive">1923</unitdate><container id="aspace_3b9f0d21e0e2310623916e6467847052" label="Mixed Materials" localtype="Box">1</container></did></c03><c03 id="aspace_ref71" level="item"><did><unittitle><title render="italic"><part>Mary B. Barber: An Appreciation</part></title> by Luther Day</unittitle><unitdatestructured unitdatetype="inclusive"><daterange><fromdate standarddate="1917">1917</fromdate><todate standarddate="1917">1917</todate></daterange></unitdatestructured><unitdate unitdatetype="inclusive">1917</unitdate><container id="aspace_379e7515b6685d70aba8553777a69467" label="Mixed Materials" localtype="Box">1</container></did></c03><c03 id="aspace_ref72" level="item"><did><unittitle><title render="italic"><part>The Record</part></title> of the Assocation of the Bar of the City of New York, December 1848</unittitle><unitdatestructured unitdatetype="inclusive"><daterange><fromdate standarddate="1848">1848</fromdate><todate standarddate="1848">1848</todate></daterange></unitdatestructured><unitdate unitdatetype="inclusive">1848</unitdate><container id="aspace_6deebcbdbfd947f6b7ccd34be7723ff0" label="Mixed Materials" localtype="Box">1</container></did></c03><c03 id="aspace_ref73" level="file"><did><unittitle><title render="italic"><part>McKinley as a Diplomatist</part></title> by John Bassett Moore</unittitle><unitdatestructured unitdatetype="inclusive"><daterange><fromdate standarddate="1914">1914</fromdate><todate standarddate="1914">1914</todate></daterange></unitdatestructured><unitdate unitdatetype="inclusive">1914</unitdate><container id="aspace_f5b98926c22c436ac6f0c0108b6e7e8b" label="Mixed Materials" localtype="Box">1</container></did></c03><c03 id="aspace_ref74" level="item"><did><unittitle><title render="italic"><part>Americanism</part></title> addresses by Woodrow Wilson, Franklin K. Lane, Theodore Roosevelt</unittitle><container id="aspace_a02deabc7e5cc2cf41d6da35a60789b9" label="Mixed Materials" localtype="Box">1</container></did></c03><c03 id="aspace_ref75" level="item"><did><unittitle><title render="italic"><part>The Autobiography of Abraham Lincoln</part></title></unittitle><container id="aspace_3676d85439190851064a14a03c0c1158" label="Mixed Materials" localtype="Box">1</container></did></c03><c03 id="aspace_ref76" level="item"><did><unittitle><title render="italic"><part>John Adams Inaugural Address</part></title></unittitle><container id="aspace_77da1051da3ff929d110e9f555cc196e" label="Mixed Materials" localtype="Box">1</container></did></c03><c03 id="aspace_ref77" level="item"><did><unittitle><title render="italic"><part>A Message to Garcia</part></title> by Elbert Hubbard</unittitle><container id="aspace_79adfcd12ef9064b7d253f680bab7e78" label="Mixed Materials" localtype="Box">1</container></did></c03><c03 id="aspace_ref78" level="item"><did><unittitle><title render="italic"><part>The Man Without a Country</part></title> by Edward Everett Hale</unittitle><container id="aspace_2076b4888a1003153dc37bb8c76cd2ac" label="Mixed Materials" localtype="Box">1</container></did></c03></c02></c01><c01 id="aspace_ref28" level="series"><did><unittitle>Ephemera</unittitle></did><scopecontent id="aspace_ref84"><head>Scope and Contents note</head><p>The Ephemera series contains a carte de visite and a packet of seeds.</p></scopecontent><c02 id="aspace_ref29" level="item"><did><unittitle>Envelope for Goldie's Pens: Contains seeds.</unittitle><container id="aspace_6b383000a8e7a29c6251a657750b8325" label="Mixed Materials" localtype="Box">1</container></did></c02><c02 id="aspace_ref81" level="item"><did><unittitle>Carte de Visite of William R. Day (?)</unittitle><container id="aspace_2b71f64cc4f012837bf13a6cb9210ddb" label="Mixed Materials" localtype="Box">1</container></did></c02></c01></dsc>
</archdesc>
</ead>
